<!--  
这个为菜单列表，注意编辑的格式!例如：
<phone id="手机概览,overview">手机外观</phone>
1、手机概览：一级标题名称
2、overview：这个为assets下的各个模块文件夹的名称，记住这个值一定要与文件夹的名称对应，不然链接会出错
3、手机外观：二级标题名称
4、手机概览与overview之间的逗号为英文状态下的，请注意
5、各个模块文件夹的html文件一定要按照顺序来命名，即XXX_1到XXX_n来命名，中间不能有断续
-->
<phones>
<phone id="手機概覽與快速入門,overview">手機外觀簡介</phone>
<phone id="手機概覽與快速入門,overview">安裝與準備</phone>
<phone id="手機概覽與快速入門,overview">基本操作手勢</phone>
<phone id="手機概覽與快速入門,overview">螢幕鎖定和解鎖</phone>
<phone id="手機概覽與快速入門,overview">狀態列圖示和通知</phone>
<phone id="手機概覽與快速入門,overview">上滑控制中心介紹</phone>
<phone id="手機概覽與快速入門,overview">剪貼簿</phone>

<phone id="桌面與i主題,desktop">桌面編輯</phone>
<phone id="桌面與i主題,desktop">場景主題</phone>
<phone id="桌面與i主題,desktop">i主題</phone>

<phone id="設定,settings">飛航模式</phone>
<phone id="設定,settings">Wi-Fi</phone>
<phone id="設定,settings">個人熱點</phone>
<phone id="設定,settings">行動網路</phone>
<phone id="設定,settings">聲音與震動</phone>
<phone id="設定,settings">顯示與亮度</phone>
<phone id="設定,settings">狀態列與通知</phone>
<phone id="設定,settings">勿擾模式</phone>
<phone id="設定,settings">遊戲模式</phone>
<phone id="設定,settings">鎖定螢幕、桌面與桌布</phone>
<phone id="設定,settings">系統升級</phone>
<phone id="設定,settings">臉部與密碼</phone>
<phone id="設定,settings">電池</phone>
<phone id="設定,settings">安全</phone>
<phone id="設定,settings">帳號與同步</phone>
<phone id="設定,settings">定位服務</phone>
<phone id="設定,settings">語言與輸入設定</phone>
<phone id="設定,settings">記憶體與儲存空間</phone>
<phone id="設定,settings">關於手機</phone>
<phone id="設定,settings">全域搜尋</phone>
<phone id="設定,settings">藍牙</phone>
<phone id="設定,settings">智慧投影</phone>
<phone id="設定,settings">VPN</phone>
<phone id="設定,settings">OTG</phone>
<phone id="設定,settings">最近使用的應用程式</phone>
<phone id="設定,settings">控制中心</phone>
<phone id="設定,settings">系統導航</phone>
<phone id="設定,settings">Easy Touch</phone>
<phone id="設定,settings">日期與時間</phone>
<phone id="設定,settings">定時任務</phone>
<phone id="設定,settings">應用程式</phone>
<phone id="設定,settings">備份與重設</phone>
<phone id="設定,settings">售後服務</phone>
<phone id="設定,settings">電子保固卡</phone>
<phone id="設定,settings">下載管理</phone>
<phone id="設定,settings">智慧體感</phone>
<phone id="設定,settings">多工雙螢幕</phone>
<phone id="設定,settings">單手操作</phone>
<phone id="設定,settings">雙開應用程式</phone>
<phone id="設定,settings">快捷啟動</phone>
<phone id="設定,settings">開發人員選項</phone>

<phone id="電話與聯絡人,contact">通話</phone>
<phone id="電話與聯絡人,contact">通話設定</phone>
<phone id="電話與聯絡人,contact">聯絡人</phone>
<phone id="電話與聯絡人,contact">更多操作</phone>
<phone id="電話與聯絡人,contact">聯絡人設定</phone>

<phone id="訊息與郵件,message">訊息</phone>
<phone id="訊息與郵件,message">電子郵件</phone>

<phone id="小工具,tools">計算機</phone>
<phone id="小工具,tools">記事本</phone>
<phone id="小工具,tools">錄音機</phone>
<phone id="小工具,tools">收音機</phone>
<phone id="小工具,tools">指南針</phone>

<phone id="多媒體,multimedia">i音樂</phone>
<phone id="多媒體,multimedia">音樂設定</phone>
<phone id="多媒體,multimedia">影片</phone>
<phone id="多媒體,multimedia">相機</phone>
<phone id="多媒體,multimedia">相簿</phone>
<phone id="多媒體,multimedia">檔案管理</phone>

<phone id="網路應用程式,network">瀏覽器</phone>
<phone id="網路應用程式,network">vivoCloud</phone>

<phone id="更多應用程式,more">i管家</phone>
<phone id="更多應用程式,more">鬧鐘時鐘</phone>
<phone id="更多應用程式,more">行事曆</phone>
<phone id="更多應用程式,more">如何擷取螢幕</phone>
<phone id="更多應用程式,more">USB連線說明</phone>
<phone id="更多應用程式,more">天氣</phone>

<phone id="手機維護與保養,maintain">關於維護與保養</phone>
<phone id="手機維護與保養,maintain">手機及配件</phone>
<phone id="手機維護與保養,maintain">說明</phone>
<phone id="手機維護與保養,maintain">支援的檔案格式</phone>

<!--
我是跳转配置分割线，以前的内容往上面添加，下面写跳转目录配置。
格式：<skip id="visitmode">設定,访客模式</skip>
visitmode：跳转名称，与说明书开发约定一致即可
設定,访客模式：访客模式的说明书路径
-->
<skip id="visitmode">設定,访客模式</skip>
<skip id="wlandisplay">設定,多屏互動</skip>
<skip id="mediashare">設定,媒體共享</skip>
<skip id="usbhelp">更多應用程式,USB連線說明</skip>
<skip id="usbdebug">設定,開發人員選項</skip>
<skip id="appclone">設定,雙開應用程式</skip>
</phones>
