
<!--  
这个为菜单列表，注意编辑的格式!例如：
<phone id="手机概览,overview">手机外观</phone>
1、手机概览：一级标题名称
2、overview：这个为assets下的各个模块文件夹的名称，记住这个值一定要与文件夹的名称对应，不然链接会出错
3、手机外观：二级标题名称
4、手机概览与overview之间的逗号为英文状态下的，请注意
5、各个模块文件夹的html文件一定要按照顺序来命名，即XXX_1到XXX_n来命名，中间不能有断续
--><phones>
<phone id="Ikhtisar dan Panduan mulai cepat,overview">Pengantar eksterior telepon</phone>
<phone id="Ikhtisar dan Panduan mulai cepat,overview">Pemasangan dan Persiapan</phone>
<phone id="Ikhtisar dan Panduan mulai cepat,overview">Gerakan operasi dasar</phone>
<phone id="Ikhtisar dan Panduan mulai cepat,overview">Kunci layar dan buka kunci</phone>
<phone id="Ikhtisar dan Panduan mulai cepat,overview">Ikon bilah status dan pemberitahuan</phone>
<phone id="Ikhtisar dan Panduan mulai cepat,overview">Pengantar Pusat Kontrol Geser ke Atas</phone>
<phone id="Ikhtisar dan Panduan mulai cepat,overview">Papan klip</phone>

<phone id="Peluncur dan iTheme,desktop">Pengeditan layar beranda</phone>
<phone id="Peluncur dan iTheme,desktop">Tema pemandangan</phone>
<phone id="Peluncur dan iTheme,desktop">iTheme</phone>

<phone id="Pengaturan,settings">Mode pesawat</phone>
<phone id="Pengaturan,settings">Wi-Fi</phone>
<phone id="Pengaturan,settings">Hotspot Pribadi</phone>
<phone id="Pengaturan,settings">Jaringan seluler</phone>
<phone id="Pengaturan,settings">Bunyi dan getar</phone>
<phone id="Pengaturan,settings">Tampilan dan Kecerahan</phone>
<phone id="Pengaturan,settings">Bilah status dan pemberitahuan</phone>
<phone id="Pengaturan,settings">Jangan ganggu</phone>
<phone id="Pengaturan,settings">Mode game</phone>
<phone id="Pengaturan,settings">Layar kunci, layar beranda, dan wallpaper</phone>
<phone id="Pengaturan,settings">Pembaruan sistem</phone>
<phone id="Pengaturan,settings">Sidik jari, wajah, dan kata sandi</phone>
<phone id="Pengaturan,settings">Baterai</phone>
<phone id="Pengaturan,settings">Keamanan</phone>
<phone id="Pengaturan,settings">Akun &amp; Sinkronisasi</phone>
<phone id="Pengaturan,settings">Lokasi</phone>
<phone id="Pengaturan,settings">Bahasa &amp; Masukan</phone>
<phone id="Pengaturan,settings">RAM dan ruang penyimpanan</phone>
<phone id="Pengaturan,settings">Tentang ponsel</phone>
<phone id="Pengaturan,settings">Pencarian global</phone>
<phone id="Pengaturan,settings">Bluetooth</phone>
<phone id="Pengaturan,settings">Pencerminan Pintar</phone>
<phone id="Pengaturan,settings">VPN</phone>
<phone id="Pengaturan,settings">OTG</phone>
<phone id="Pengaturan,settings">Aplikasi terbaru</phone>
<phone id="Pengaturan,settings">Pusat Kontrol</phone>
<phone id="Pengaturan,settings">Navigasi sistem</phone>
<phone id="Pengaturan,settings">Easy Touch</phone>
<phone id="Pengaturan,settings">Tanggal dan waktu</phone>
<phone id="Pengaturan,settings">Pengatur waktu tugas</phone>
<phone id="Pengaturan,settings">Aplikasi</phone>
<phone id="Pengaturan,settings">Buat cadangan &amp; Atur ulang</phone>
<phone id="Pengaturan,settings">Layanan purnajual</phone>
<phone id="Pengaturan,settings">Kartu Garansi elektronik</phone>
<phone id="Pengaturan,settings">Pengelolaan pengunduhan</phone>
<phone id="Pengaturan,settings">Gerakan cerdas</phone>
<phone id="Pengaturan,settings">Pembagian Layar Pintar</phone>
<phone id="Pengaturan,settings">Satu tangan</phone>
<phone id="Pengaturan,settings">Kloning aplikasi</phone>
<phone id="Pengaturan,settings">Peluncuran cepat</phone>
<phone id="Pengaturan,settings">Opsi developer</phone>

<phone id="Telepon dan Kontak,contact">Memanggil</phone>
<phone id="Telepon dan Kontak,contact">Pengaturan Panggilan</phone>
<phone id="Telepon dan Kontak,contact">Kontak</phone>
<phone id="Telepon dan Kontak,contact">Operasi lainnya</phone>
<phone id="Telepon dan Kontak,contact">Pengaturan kontak</phone>

<phone id="Pesan dan Email,message">Pesan</phone>
<phone id="Pesan dan Email,message">Email</phone>

<phone id="Alat bantu,tools">Kalkulator</phone>
<phone id="Alat bantu,tools">Catatan</phone>
<phone id="Alat bantu,tools">Perekam</phone>
<phone id="Alat bantu,tools">Radio FM</phone>
<phone id="Alat bantu,tools">Kompas</phone>

<phone id="Multimedia,multimedia">iMusic</phone>
<phone id="Multimedia,multimedia">Pengaturan Musik</phone>
<phone id="Multimedia,multimedia">Video</phone>
<phone id="Multimedia,multimedia">Kamera</phone>
<phone id="Multimedia,multimedia">Album</phone>
<phone id="Multimedia,multimedia">Pengelola File</phone>

<phone id="Aplikasi jaringan,network">Browser</phone>
<phone id="Aplikasi jaringan,network">vivoCloud</phone>

<phone id="Aplikasi lainnya,more">iManager</phone>
<phone id="Aplikasi lainnya,more">Jam</phone>
<phone id="Aplikasi lainnya,more">Kalender</phone>
<phone id="Aplikasi lainnya,more">Cara mengambil foto layar</phone>
<phone id="Aplikasi lainnya,more">Petunjuk sambungan USB</phone>
<phone id="Aplikasi lainnya,more">Cuaca</phone>

<phone id="Perawatan dan pelayanan,maintain">Tentang perawatan</phone>
<phone id="Perawatan dan pelayanan,maintain">Telepon dan aksesori</phone>
<phone id="Perawatan dan pelayanan,maintain">Bantuan</phone>
<phone id="Perawatan dan pelayanan,maintain">Format file yang didukung</phone>
<!--
我是跳转配置分割线，以前的内容往上面添加，下面写跳转目录配置。
格式：<skip id="visitmode">设置,访客模式</skip>
visitmode：跳转名称，与说明书开发约定一致即可
设置,访客模式：访客模式的说明书路径
--><skip id="visitmode">Pengaturan,Mode pengunjung</skip>
<skip id="wlandisplay">Pengaturan,Layar Wi-Fi</skip>
<skip id="mediashare">Pengaturan,DLNA</skip>
<skip id="usbhelp">Aplikasi lainnya,Petunjuk sambungan USB</skip>
<skip id="usbdebug">Pengaturan,Opsi developer</skip>
<skip id="appclone">Pengaturan,Kloning Aplikasi</skip>
</phones>