
<!--  
这个为菜单列表，注意编辑的格式!例如：
<phone id="手机概览,overview">手机外观</phone>
1、手机概览：一级标题名称
2、overview：这个为assets下的各个模块文件夹的名称，记住这个值一定要与文件夹的名称对应，不然链接会出错
3、手机外观：二级标题名称
4、手机概览与overview之间的逗号为英文状态下的，请注意
5、各个模块文件夹的html文件一定要按照顺序来命名，即XXX_1到XXX_n来命名，中间不能有断续
--><phones>
<phone id="ခြုံငုံကြည့်ခြင်းနှင့် အမြန်စတင်မှု လမ်းညွှန်,overview">ဖုန်းပြင်ပ မိတ်ဆက်</phone>
<phone id="ခြုံငုံကြည့်ခြင်းနှင့် အမြန်စတင်မှု လမ်းညွှန်,overview">ထည့်သွင်းခြင်းနှင့် ပြင်ဆင်ခြင်း</phone>
<phone id="ခြုံငုံကြည့်ခြင်းနှင့် အမြန်စတင်မှု လမ်းညွှန်,overview">အခြေခံ လည်ပတ်မှု လက်ဟန်များ</phone>
<phone id="ခြုံငုံကြည့်ခြင်းနှင့် အမြန်စတင်မှု လမ်းညွှန်,overview">စခရင်သော့နှင့် သော့ဖွင့်ခြင်း</phone>
<phone id="ခြုံငုံကြည့်ခြင်းနှင့် အမြန်စတင်မှု လမ်းညွှန်,overview">အခြေနေပြဘားသင်္ကေတများနှင့်အကြောင်းကြားချက်များ</phone>
<phone id="ခြုံငုံကြည့်ခြင်းနှင့် အမြန်စတင်မှု လမ်းညွှန်,overview">အပေါ်သို့ပွတ်ဆွဲရသည့်ထိန်းချုပ်စင်တာကိုမိတ်ဆက်ခြင်း</phone>
<phone id="ခြုံငုံကြည့်ခြင်းနှင့် အမြန်စတင်မှု လမ်းညွှန်,overview">ကလစ်ဘုတ်</phone>

<phone id="Launcher နှင့် iTheme,desktop">ပင်မစခရင် တည်းဖြတ်မှု</phone>
<phone id="Launcher နှင့် iTheme,desktop">မှုခင်း အပြင်အဆင်</phone>
<phone id="Launcher နှင့် iTheme,desktop">iTheme</phone>

<phone id="ဆက်တင်များ,settings">လေယာဉ်မုဒ်</phone>
<phone id="ဆက်တင်များ,settings">Wi-Fi</phone>
<phone id="ဆက်တင်များ,settings">ကိုယ်ပိုင် ဟော့စပေါ့</phone>
<phone id="ဆက်တင်များ,settings">မိုဘိုင်း ကွန်ရက်</phone>
<phone id="ဆက်တင်များ,settings">အသံနှင့် တုန်ခါမှု</phone>
<phone id="ဆက်တင်များ,settings">ပြသမှုနှင့် တောက်ပမှု</phone>
<phone id="ဆက်တင်များ,settings">အခြေအနေပြဘားနှင့်သတိပေးချက်များ</phone>
<phone id="ဆက်တင်များ,settings">မနှောင့်ယှက်ရ</phone>
<phone id="ဆက်တင်များ,settings">ဂိမ်းမုဒ်</phone>
<phone id="ဆက်တင်များ,settings">သော့ခစရင်၊ ပင်မစခရင်နှင့် နောက်ခံပုံ</phone>
<phone id="ဆက်တင်များ,settings">စနစ် မြင့်တင်</phone>
<phone id="ဆက်တင်များ,settings">မျက်နှာနှင့် လျှို့ဝှက်စကားလုံး</phone>
<phone id="ဆက်တင်များ,settings">ဘက်ထရီ</phone>
<phone id="ဆက်တင်များ,settings">လုံခြုံရေး</phone>
<phone id="ဆက်တင်များ,settings">အကောင့်များ &amp; စင်ခရာနိုက်ဇ်</phone>
<phone id="ဆက်တင်များ,settings">တည်နေရာ</phone>
<phone id="ဆက်တင်များ,settings">ဘာသာစကား &amp; ထည့်သွင်းမှု</phone>
<phone id="ဆက်တင်များ,settings">RAM နှင့် သိုလှောင်ခန်း နေရာ</phone>
<phone id="ဆက်တင်များ,settings">ဖုန်းအကြောင်း</phone>
<phone id="ဆက်တင်များ,settings">နေရာအားလုံးတွင်ရှာဖွေမှု</phone>
<phone id="ဆက်တင်များ,settings">ဘလူးတုသ်</phone>
<phone id="ဆက်တင်များ,settings">စမတ် ထုတ်လွှင့်ပြသခြင်း</phone>
<phone id="ဆက်တင်များ,settings">VPN</phone>
<phone id="ဆက်တင်များ,settings">OTG</phone>
<phone id="ဆက်တင်များ,settings">မကြာသေးမီက app များ</phone>
<phone id="ဆက်တင်များ,settings">ထိန်းချုပ်ရေးစင်တာ</phone>
<phone id="ဆက်တင်များ,settings">စနစ်လမ်းညွှန်</phone>
<phone id="ဆက်တင်များ,settings">Easy Touch</phone>
<phone id="ဆက်တင်များ,settings">ရက်စွဲနှင့် အချိန်</phone>
<phone id="ဆက်တင်များ,settings">လုပ်ငန်းဆောင်တာ အချိန်မှတ်စရာ</phone>
<phone id="ဆက်တင်များ,settings">အပလီကေးရှင်းများ</phone>
<phone id="ဆက်တင်များ,settings">အရံသိမ်းဆည်းမှုပြုပါ &amp; ပြန်ဆင်ပါ</phone>
<phone id="ဆက်တင်များ,settings">ရောင်းချပြီးနောက် ဝန်ဆောင်မှု</phone>
<phone id="ဆက်တင်များ,settings">အီလက်ထရောနစ် အာမခံကဒ်</phone>
<phone id="ဆက်တင်များ,settings">ဒေါင်းလုတ်စီမံခန့်ခွဲမှု</phone>
<phone id="ဆက်တင်များ,settings">စမတ် လှုပ်ရှားမှု</phone>
<phone id="ဆက်တင်များ,settings">စမတ် ဖန်သားပြင်-များစွာ</phone>
<phone id="ဆက်တင်များ,settings">တစ်ဘက်ကိုင်</phone>
<phone id="ဆက်တင်များ,settings">အက်ပ်အပွား</phone>
<phone id="ဆက်တင်များ,settings">အမြန်ဖွင့်ခြင်း</phone>
<phone id="ဆက်တင်များ,settings">ပရိုဂရမ်ရေးသူ ရွေးချယ်မှုများ</phone>

<phone id="ဖုန်းနှင့် အဆက်အသွယ်များ,contact">ဖုန်းခေါ်နေသည်</phone>
<phone id="ဖုန်းနှင့် အဆက်အသွယ်များ,contact">ဖုန်းခေါ်ဆက်တင်များ</phone>
<phone id="ဖုန်းနှင့် အဆက်အသွယ်များ,contact">ဆက်သွယ်သူများ</phone>
<phone id="ဖုန်းနှင့် အဆက်အသွယ်များ,contact">နောက်ထပ် လုပ်ငန်းများ</phone>
<phone id="ဖုန်းနှင့် အဆက်အသွယ်များ,contact">အဆက်အသွယ် ဆက်တင်များ</phone>

<phone id="မက်ဆေ့ဂ်ျများနှင့် အီးမေးလ်,message">မက်ဆေ့ဂျ်</phone>
<phone id="မက်ဆေ့ဂ်ျများနှင့် အီးမေးလ်,message">အီးမေးလ်</phone>

<phone id="ကိရိယာများ,tools">ဂဏန်းပေါင်းစက်</phone>
<phone id="ကိရိယာများ,tools">မှတ်စုများ</phone>
<phone id="ကိရိယာများ,tools">အသံဖမ်းစက်</phone>
<phone id="ကိရိယာများ,tools">FM ရေဒီယို</phone>
<phone id="ကိရိယာများ,tools">အိမ်မြောင်</phone>

<phone id="မာတီမီဒီယာ,multimedia">iMusic</phone>
<phone id="မာတီမီဒီယာ,multimedia">တေးဂီတ ဆက်တင်များ</phone>
<phone id="မာတီမီဒီယာ,multimedia">ဗီဒီယို</phone>
<phone id="မာတီမီဒီယာ,multimedia">ကင်မရာ</phone>
<phone id="မာတီမီဒီယာ,multimedia">အယ်လ်ဘမ်များ</phone>
<phone id="မာတီမီဒီယာ,multimedia">ဖိုင်မန်နေဂျာ</phone>

<phone id="ကွန်ရက် အပလီကေးရှင်း,network">ဘရောက်ဇာ</phone>
<phone id="ကွန်ရက် အပလီကေးရှင်း,network">vivoCloud</phone>

<phone id="နောက်ထပ် အပလီကေးရှင်းများ,more">iManager</phone>
<phone id="နောက်ထပ် အပလီကေးရှင်းများ,more">နာရီ</phone>
<phone id="နောက်ထပ် အပလီကေးရှင်းများ,more">ပြက္ခဒိန်</phone>
<phone id="နောက်ထပ် အပလီကေးရှင်းများ,more">မျက်နှာပြင်ဓာတ်ပုံ ရိုက်ယူပုံ</phone>
<phone id="နောက်ထပ် အပလီကေးရှင်းများ,more">USB ချိတ်ဆက်မှုအတွက် လမ်းညွှန်ချက်များ</phone>
<phone id="နောက်ထပ် အပလီကေးရှင်းများ,more">ရာသီဥတု</phone>

<phone id="ပြုပြင်ထိန်းသိမ်းရေး,maintain">ထိန်းသိမ်းရေးအကြောင်း</phone>
<phone id="ပြုပြင်ထိန်းသိမ်းရေး,maintain">ဖုန်းနှင့် အပိုပစ္စည်းများ</phone>
<phone id="ပြုပြင်ထိန်းသိမ်းရေး,maintain">အကူအညီ</phone>
<phone id="ပြုပြင်ထိန်းသိမ်းရေး,maintain">ပံ့ပိုးထားသော ဖိုင်ပုံစံများ</phone><!--
我是跳转配置分割线，以前的内容往上面添加，下面写跳转目录配置。
格式：<skip id="visitmode">设置,访客模式</skip>
visitmode：跳转名称，与说明书开发约定一致即可
设置,访客模式：访客模式的说明书路径
-->
<skip id="visitmode">ဆက်တင်များ,ဧည့်ဝင်သုံးသူ မုဒ်</skip>
<skip id="wlandisplay">ဆက်တင်များ,Wi-Fi Display</skip>
<skip id="mediashare">ဆက်တင်များ,DLNA</skip>
<skip id="usbhelp">နောက်ထပ် အပလီကေးရှင်းများ,USB ချိတ်ဆက်မှုအတွက် လမ်းညွှန်ချက်များ</skip>
<skip id="usbdebug">ဆက်တင်များ,ပရိုဂရမ်ရေးသူ ရွေးချယ်မှုများ</skip>
<skip id="appclone">ဆက်တင်များ,အက်ပ်အပွား</skip>
</phones>